survived,pclass,age,sibsp,parch,fare,sex_male,embarked_Q,embarked_S,age_standardized,fare_standardized,age_minmax,fare_minmax
0,3,22.0,1,0,7.25,1,0,1,-0.6080959015638229,-0.7476088217945931,0.37254901960784315,0.11153846153846154
1,3,26.0,0,0,7.925,0,0,1,-0.20897241951783638,-0.6978412040245794,0.45098039215686275,0.12192307692307693
1,1,35.0,1,0,53.1,0,0,1,0.6890554150856333,2.6329026963611453,0.6274509803921569,0.816923076923077
0,3,35.0,0,0,8.05,1,0,1,0.6890554150856333,-0.688624978511614,0.6274509803921569,0.12384615384615386
0,3,28.0,0,0,8.4583,1,1,0,-0.009410678494843129,-0.6585210994960636,0.49019607843137253,0.1301276923076923
0,1,54.0,0,0,51.8625,1,0,1,2.5848919548040694,2.5416620637827867,1.0,0.7978846153846153
1,3,27.0,0,2,11.1333,0,0,1,-0.10919154900633976,-0.46129387351860224,0.47058823529411764,0.17128153846153846
1,2,14.0,1,0,30.0708,0,0,0,-1.406342865655796,0.9349642916956679,0.21568627450980393,0.4626276923076923
1,3,4.0,1,1,16.7,0,0,1,-2.4041515707707624,-0.05086217301440281,0.0196078431372549,0.2569230769230769
0,3,20.0,0,0,8.05,1,0,1,-0.8076576425868162,-0.688624978511614,0.3333333333333333,0.12384615384615386
0,3,39.0,1,5,31.275,1,0,1,1.0881788971316197,1.0237497217973721,0.7058823529411765,0.48115384615384615
0,3,14.0,0,0,7.8542,0,0,1,-1.406342865655796,-0.7030612741551232,0.21568627450980393,0.12083384615384615
1,2,28.0,0,0,13.0,1,0,1,-0.009410678494843129,-0.32366244819818096,0.49019607843137253,0.2
0,3,31.0,1,0,18.0,0,0,1,0.28993193303964676,0.044986572320438234,0.5490196078431373,0.27692307692307694
1,3,28.0,0,0,7.225,0,0,0,-0.009410678494843129,-0.7494520668971862,0.49019607843137253,0.11115384615384614
0,2,35.0,0,0,26.0,1,0,1,0.6890554150856333,0.634825005150229,0.6274509803921569,0.4
1,2,34.0,0,0,13.0,1,0,1,0.5892745445741366,-0.32366244819818096,0.6078431372549019,0.2
1,3,15.0,0,0,8.0292,0,1,0,-1.3065619951442993,-0.6901585584369715,0.23529411764705882,0.12352615384615384
1,1,28.0,0,0,35.5,1,0,1,-0.009410678494843129,1.3352581441356055,0.49019607843137253,0.5461538461538461
0,3,8.0,3,1,21.075,0,0,1,-2.005028088724776,0.271705719939389,0.09803921568627451,0.3242307692307692
1,3,38.0,1,5,31.3875,0,0,1,0.9883980266201232,1.0320443247590412,0.6862745098039216,0.48288461538461536
0,3,28.0,0,0,7.225,1,0,0,-0.009410678494843129,-0.7494520668971862,0.49019607843137253,0.11115384615384614
1,3,28.0,0,0,7.8792,0,1,0,-0.009410678494843129,-0.70121802905253,0.49019607843137253,0.12121846153846154
0,3,28.0,0,0,7.8958,1,0,1,-0.009410678494843129,-0.6999941143044082,0.49019607843137253,0.12147384615384615
0,1,40.0,0,0,27.7208,1,0,0,1.1879597676431164,0.761699252051917,0.7254901960784313,0.42647384615384615
1,3,28.0,0,0,7.75,0,1,0,-0.009410678494843129,-0.7107439197427311,0.49019607843137253,0.11923076923076924
0,1,42.0,1,0,52.0,1,0,1,1.3875215086661097,2.551799911847049,0.7647058823529411,0.8
1,3,28.0,0,0,7.2292,1,0,0,-0.009410678494843129,-0.7491424017199506,0.49019607843137253,0.11121846153846153
0,3,21.0,0,0,8.05,1,0,1,-0.7078767720753195,-0.688624978511614,0.35294117647058826,0.12384615384615386
0,3,18.0,2,0,18.0,0,0,1,-1.0072193836098093,0.044986572320438234,0.29411764705882354,0.27692307692307694
1,3,14.0,1,0,11.2417,0,0,0,-1.406342865655796,-0.4533015627537586,0.21568627450980393,0.17294923076923077
0,3,40.0,1,0,9.475,0,0,1,1.1879597676431164,-0.5835600076638076,0.7254901960784313,0.14576923076923076
0,2,27.0,1,0,21.0,0,0,1,-0.10919154900633976,0.26617598463160974,0.47058823529411764,0.3230769230769231
0,3,28.0,0,0,7.8958,1,0,0,-0.009410678494843129,-0.6999941143044082,0.49019607843137253,0.12147384615384615
1,2,3.0,1,2,41.5792,0,0,0,-2.503932441282259,1.7834763692429634,0.0,0.63968
1,3,19.0,0,0,7.8792,0,1,0,-0.9074385130983128,-0.70121802905253,0.3137254901960784,0.12121846153846154
0,3,28.0,0,0,8.05,1,0,1,-0.009410678494843129,-0.688624978511614,0.49019607843137253,0.12384615384615386
0,3,28.0,1,0,15.5,1,1,0,-0.009410678494843129,-0.13933793793887136,0.49019607843137253,0.23846153846153847
1,3,28.0,0,0,7.75,0,1,0,-0.009410678494843129,-0.7107439197427311,0.49019607843137253,0.11923076923076924
0,3,28.0,2,0,21.6792,1,0,0,-0.009410678494843129,0.31625326757885913,0.49019607843137253,0.33352615384615386
0,3,18.0,1,0,17.8,0,0,1,-1.0072193836098093,0.03024061149969352,0.29411764705882354,0.27384615384615385
0,3,7.0,4,1,39.6875,1,0,1,-2.1048089592362724,1.644001698819949,0.0784313725490196,0.6105769230769231
0,3,21.0,0,0,7.8,1,0,1,-0.7078767720753195,-0.7070574295375449,0.35294117647058826,0.12
1,2,29.0,1,0,26.0,0,0,1,0.0903701920166535,0.634825005150229,0.5098039215686274,0.4
1,1,28.0,0,0,35.5,1,0,1,-0.009410678494843129,1.3352581441356055,0.49019607843137253,0.5461538461538461
1,2,21.0,0,0,10.5,0,0,1,-0.7078767720753195,-0.5079869584574905,0.35294117647058826,0.16153846153846155
0,3,28.5,0,0,7.2292,1,0,0,0.040479756760905185,-0.7491424017199506,0.5,0.11121846153846153
1,2,5.0,1,2,27.75,0,0,1,-2.3043707002592657,0.7638521623317457,0.0392156862745098,0.4269230769230769
0,3,11.0,5,2,46.9,1,0,1,-1.7056854771902858,2.175777910918057,0.1568627450980392,0.7215384615384615
0,3,22.0,0,0,7.2292,1,0,0,-0.6080959015638229,-0.7491424017199506,0.37254901960784315,0.11121846153846153
0,3,4.0,3,2,27.9,1,0,1,-2.4041515707707624,0.7749116329473041,0.0196078431372549,0.4292307692307692
0,1,28.0,0,0,27.7208,1,0,0,-0.009410678494843129,0.761699252051917,0.49019607843137253,0.42647384615384615
1,3,28.0,1,1,15.2458,1,0,0,-0.009410678494843129,-0.15808005414203805,0.49019607843137253,0.23455076923076923
1,2,29.0,0,0,10.5,0,0,1,0.0903701920166535,-0.5079869584574905,0.5098039215686274,0.16153846153846155
0,3,19.0,0,0,8.1583,1,0,1,-0.9074385130983128,-0.6806400407271807,0.3137254901960784,0.1255123076923077
1,3,17.0,4,2,7.925,0,0,1,-1.107000254121306,-0.6978412040245794,0.27450980392156865,0.12192307692307693
0,3,26.0,2,0,8.6625,1,0,1,-0.20897241951783638,-0.6434654734980831,0.45098039215686275,0.13326923076923075
0,2,32.0,0,0,10.5,1,0,1,0.3897128035511434,-0.5079869584574905,0.5686274509803921,0.16153846153846155
0,3,16.0,5,2,46.9,0,0,1,-1.2067811246328026,2.175777910918057,0.2549019607843137,0.7215384615384615
0,3,26.0,1,0,14.4542,1,0,0,-0.20897241951783638,-0.21644456707054574,0.45098039215686275,0.2223723076923077
1,3,32.0,0,0,56.4958,1,0,1,0.3897128035511434,2.883274365136571,0.5686274509803921,0.8691661538461539
0,3,25.0,0,0,7.65,1,0,1,-0.308753290029333,-0.7181169001531035,0.43137254901960786,0.1176923076923077
0,3,28.0,0,0,7.8958,1,0,1,-0.009410678494843129,-0.6999941143044082,0.49019607843137253,0.12147384615384615
0,3,28.0,0,0,8.05,1,0,1,-0.009410678494843129,-0.688624978511614,0.49019607843137253,0.12384615384615386
1,3,30.0,0,0,12.475,0,0,1,0.19015106252815014,-0.362370595352636,0.5294117647058824,0.19192307692307692
0,3,22.0,0,0,9.0,1,0,1,-0.6080959015638229,-0.6185816646130763,0.37254901960784315,0.13846153846153847
1,3,29.0,0,0,9.5,1,0,1,0.0903701920166535,-0.5817167625612144,0.5098039215686274,0.14615384615384616
1,3,28.0,0,0,7.7875,0,1,0,-0.009410678494843129,-0.7079790520888415,0.49019607843137253,0.1198076923076923
0,1,28.0,0,0,47.1,1,0,1,-0.009410678494843129,2.1905238717388023,0.49019607843137253,0.7246153846153847
1,2,17.0,0,0,10.5,0,0,1,-1.107000254121306,-0.5079869584574905,0.27450980392156865,0.16153846153846155
1,3,33.0,3,0,15.85,0,0,1,0.48949367406264,-0.11353250650256805,0.5882352941176471,0.24384615384615385
0,3,16.0,1,3,34.375,1,0,1,-1.2067811246328026,1.2523121145189162,0.2549019607843137,0.5288461538461539
0,3,28.0,0,0,8.05,1,0,1,-0.009410678494843129,-0.688624978511614,0.49019607843137253,0.12384615384615386
0,3,24.0,0,0,8.05,1,0,1,-0.40853416054082964,-0.688624978511614,0.4117647058823529,0.12384615384615386
0,3,29.0,0,0,8.05,1,0,1,0.0903701920166535,-0.688624978511614,0.5098039215686274,0.12384615384615386
0,3,20.0,0,0,7.8542,1,0,1,-0.8076576425868162,-0.7030612741551232,0.3333333333333333,0.12083384615384615
0,1,46.0,1,0,61.175,1,0,1,1.7866449907120963,3.228270864498715,0.8431372549019608,0.9411538461538461
0,3,26.0,1,2,20.575,1,0,1,-0.20897241951783638,0.2348408178875271,0.45098039215686275,0.31653846153846155
0,3,28.0,0,0,8.05,1,0,1,-0.009410678494843129,-0.688624978511614,0.49019607843137253,0.12384615384615386
1,1,23.0,0,1,63.3583,1,0,0,-0.5083150310523262,3.3892451457983754,0.39215686274509803,0.9747430769230769
1,2,34.0,0,1,23.0,0,0,1,0.5892745445741366,0.41363559283905743,0.6078431372549019,0.35384615384615387
0,2,34.0,1,0,26.0,1,0,1,0.5892745445741366,0.634825005150229,0.6078431372549019,0.4
0,3,28.0,0,0,7.8958,0,0,1,-0.009410678494843129,-0.6999941143044082,0.49019607843137253,0.12147384615384615
0,3,28.0,0,0,7.8958,1,0,1,-0.009410678494843129,-0.6999941143044082,0.49019607843137253,0.12147384615384615
0,3,33.0,0,0,8.6542,1,0,1,0.48949367406264,-0.6440774308721441,0.5882352941176471,0.13314153846153845
0,3,37.0,2,0,7.925,1,0,1,0.8886171561086266,-0.6978412040245794,0.6666666666666666,0.12192307692307693
0,3,28.0,0,0,7.8958,1,0,1,-0.009410678494843129,-0.6999941143044082,0.49019607843137253,0.12147384615384615
1,3,21.0,0,0,7.65,0,0,1,-0.7078767720753195,-0.7181169001531035,0.35294117647058826,0.1176923076923077
1,3,28.0,0,0,7.775,1,0,1,-0.009410678494843129,-0.7089006746401381,0.49019607843137253,0.11961538461538462
0,3,38.0,0,0,7.8958,1,0,1,0.9883980266201232,-0.6999941143044082,0.6862745098039216,0.12147384615384615
1,3,28.0,1,0,24.15,0,1,0,-0.009410678494843129,0.49842486755833976,0.49019607843137253,0.37153846153846154
0,1,47.0,0,0,52.0,1,0,1,1.886425861223593,2.551799911847049,0.8627450980392157,0.8
0,3,14.5,1,0,14.4542,0,0,0,-1.3564524304000476,-0.21644456707054574,0.22549019607843138,0.2223723076923077
0,3,22.0,0,0,8.05,1,0,1,-0.6080959015638229,-0.688624978511614,0.37254901960784315,0.12384615384615386
0,3,20.0,1,0,9.825,0,0,1,-0.8076576425868162,-0.5577545762275042,0.3333333333333333,0.15115384615384614
0,3,17.0,0,0,14.4583,0,0,0,-1.107000254121306,-0.21614227487372054,0.27450980392156865,0.22243538461538462
0,3,21.0,0,0,7.925,1,0,1,-0.7078767720753195,-0.6978412040245794,0.35294117647058826,0.12192307692307693
0,2,29.0,1,0,21.0,1,0,1,0.0903701920166535,0.26617598463160974,0.5098039215686274,0.3230769230769231
0,3,28.0,0,0,8.05,1,0,1,-0.009410678494843129,-0.688624978511614,0.49019607843137253,0.12384615384615386
0,2,32.5,1,0,30.0708,1,0,0,0.4396032388068917,0.9349642916956679,0.5784313725490197,0.4626276923076923
1,2,32.5,0,0,13.0,0,0,1,0.4396032388068917,-0.32366244819818096,0.5784313725490197,0.2
1,3,12.0,1,0,11.2417,1,0,0,-1.6059046066787892,-0.4533015627537586,0.17647058823529413,0.17294923076923077
0,3,28.0,0,0,7.75,1,1,0,-0.009410678494843129,-0.7107439197427311,0.49019607843137253,0.11923076923076924
1,3,24.0,0,0,7.1417,1,0,1,-0.40853416054082964,-0.7555937595790263,0.4117647058823529,0.1098723076923077
1,3,28.0,1,1,22.3583,0,0,0,-0.009410678494843129,0.3663231775456978,0.49019607843137253,0.34397384615384613
0,3,45.0,0,0,6.975,1,0,1,1.6868641202005996,-0.7678845179231172,0.8235294117647058,0.1073076923076923
0,3,33.0,0,0,7.8958,1,0,0,0.48949367406264,-0.6999941143044082,0.5882352941176471,0.12147384615384615
0,3,20.0,0,0,7.05,1,0,1,-0.8076576425868162,-0.7623547826153377,0.3333333333333333,0.10846153846153846
0,3,47.0,1,0,14.5,0,0,1,1.886425861223593,-0.2130677420425952,0.8627450980392157,0.2230769230769231
1,2,29.0,1,0,26.0,0,0,1,0.0903701920166535,0.634825005150229,0.5098039215686274,0.4
0,2,25.0,0,0,13.0,1,0,1,-0.308753290029333,-0.32366244819818096,0.43137254901960786,0.2
0,2,23.0,0,0,15.0458,1,0,0,-0.5083150310523262,-0.17282601496278274,0.39215686274509803,0.23147384615384614
1,1,19.0,0,2,26.2833,0,0,1,-0.9074385130983128,0.655712658652814,0.3137254901960784,0.40435846153846156
0,1,37.0,1,0,53.1,1,0,1,0.8886171561086266,2.6329026963611453,0.6666666666666666,0.816923076923077
0,3,16.0,0,0,9.2167,1,0,1,-1.2067811246328026,-0.6026044160637994,0.2549019607843137,0.1417953846153846
0,3,28.0,0,2,15.2458,0,0,0,-0.009410678494843129,-0.15808005414203805,0.49019607843137253,0.23455076923076923
1,3,22.0,0,0,7.75,0,0,1,-0.6080959015638229,-0.7107439197427311,0.37254901960784315,0.11923076923076924
1,3,24.0,1,0,15.85,0,0,1,-0.40853416054082964,-0.11353250650256805,0.4117647058823529,0.24384615384615385
0,3,19.0,0,0,6.75,1,1,0,-0.9074385130983128,-0.784473723846455,0.3137254901960784,0.10384615384615385
0,2,18.0,0,0,11.5,1,0,1,-1.0072193836098093,-0.4342571543537667,0.29411764705882354,0.17692307692307693
0,2,19.0,1,1,36.75,1,0,1,-0.9074385130983128,1.4274203992652603,0.3137254901960784,0.5653846153846154
1,3,27.0,0,0,7.7958,1,0,1,-0.10919154900633976,-0.7073670947147807,0.47058823529411764,0.11993538461538461
0,3,9.0,2,2,34.375,0,0,1,-1.9052472182132791,1.2523121145189162,0.11764705882352941,0.5288461538461539
0,2,36.5,0,2,26.0,1,0,1,0.8387267208528782,0.634825005150229,0.6568627450980392,0.4
0,2,42.0,0,0,13.0,1,0,1,1.3875215086661097,-0.32366244819818096,0.7647058823529411,0.2
0,2,51.0,0,0,12.525,1,0,1,2.2855493432695795,-0.35868410514744975,0.9411764705882353,0.1926923076923077
0,3,40.5,0,2,14.5,1,0,1,1.2378502028988647,-0.2130677420425952,0.7352941176470589,0.2230769230769231
0,3,28.0,0,0,7.3125,1,0,1,-0.009410678494843129,-0.7430007090381103,0.49019607843137253,0.1125
0,1,51.0,0,1,61.3792,1,0,0,2.2855493432695795,3.2433264904966954,0.9411764705882353,0.9442953846153845
1,3,16.0,0,0,7.7333,0,1,0,-1.2067811246328026,-0.7119752074712633,0.2549019607843137,0.11897384615384615
0,3,30.0,0,0,8.05,1,0,1,0.19015106252815014,-0.688624978511614,0.5294117647058824,0.12384615384615386
0,3,28.0,0,0,8.6625,1,0,1,-0.009410678494843129,-0.6434654734980831,0.49019607843137253,0.13326923076923075
0,3,44.0,0,1,16.1,1,0,1,1.587083249689103,-0.09510005547663695,0.803921568627451,0.2476923076923077
1,2,40.0,0,0,15.75,0,0,1,1.1879597676431164,-0.12090548691294041,0.7254901960784313,0.2423076923076923
0,3,26.0,0,0,7.775,1,0,1,-0.20897241951783638,-0.7089006746401381,0.45098039215686275,0.11961538461538462
0,3,17.0,0,0,8.6625,1,0,1,-1.107000254121306,-0.6434654734980831,0.27450980392156865,0.13326923076923075
1,3,9.0,0,2,20.525,1,0,1,-1.9052472182132791,0.23115432768234084,0.11764705882352941,0.31576923076923075
1,1,28.0,0,1,55.0,0,0,1,-0.009410678494843129,2.77298932415822,0.49019607843137253,0.8461538461538461
0,3,45.0,1,4,27.9,0,0,1,1.6868641202005996,0.7749116329473041,0.8235294117647058,0.4292307692307692
0,1,28.0,0,0,25.925,1,0,1,-0.009410678494843129,0.6292952698424498,0.49019607843137253,0.39884615384615385
0,3,28.0,0,0,56.4958,1,0,1,-0.009410678494843129,2.883274365136571,0.49019607843137253,0.8691661538461539
0,3,4.0,4,1,29.125,1,1,0,-2.4041515707707624,0.865230642974366,0.0196078431372549,0.4480769230769231
0,3,21.0,0,0,7.925,1,0,1,-0.7078767720753195,-0.6978412040245794,0.35294117647058826,0.12192307692307693
0,3,18.0,1,1,7.8542,1,0,1,-1.0072193836098093,-0.7030612741551232,0.29411764705882354,0.12083384615384615
0,3,28.0,3,1,25.4667,1,0,1,-0.009410678494843129,0.595504900621713,0.49019607843137253,0.3917953846153846
0,1,50.0,0,0,28.7125,0,0,0,2.185768472758083,0.8348170987815798,0.9215686274509803,0.4417307692307692
0,2,30.0,0,0,13.0,1,0,1,0.19015106252815014,-0.32366244819818096,0.5294117647058824,0.2
0,3,36.0,0,0,0.0,1,0,1,0.7888362855971299,-1.282149901546591,0.6470588235294118,0.0
0,2,28.0,0,0,15.05,1,0,0,-0.009410678494843129,-0.17251634978554706,0.49019607843137253,0.23153846153846155
0,3,9.0,4,2,31.3875,1,0,1,-1.9052472182132791,1.0320443247590412,0.11764705882352941,0.48288461538461536
1,3,4.0,0,2,22.025,0,0,1,-2.4041515707707624,0.3417490338379266,0.0196078431372549,0.3388461538461538
0,1,28.0,0,0,50.0,1,0,1,-0.009410678494843129,2.4043403036396014,0.49019607843137253,0.7692307692307693
1,3,28.0,1,0,15.5,0,1,0,-0.009410678494843129,-0.13933793793887136,0.49019607843137253,0.23846153846153847
1,1,45.0,0,0,26.55,1,0,1,1.6868641202005996,0.6753763974072772,0.8235294117647058,0.4084615384615385
0,3,40.0,1,1,15.5,1,1,0,1.1879597676431164,-0.13933793793887136,0.7254901960784313,0.23846153846153847
0,3,36.0,0,0,7.8958,1,0,1,0.7888362855971299,-0.6999941143044082,0.6470588235294118,0.12147384615384615
1,2,32.0,0,0,13.0,0,0,1,0.3897128035511434,-0.32366244819818096,0.5686274509803921,0.2
0,2,19.0,0,0,13.0,1,0,1,-0.9074385130983128,-0.32366244819818096,0.3137254901960784,0.2
1,3,19.0,1,0,7.8542,0,0,1,-0.9074385130983128,-0.7030612741551232,0.3137254901960784,0.12083384615384615
1,2,3.0,1,1,26.0,1,0,1,-2.503932441282259,0.634825005150229,0.0,0.4
1,1,44.0,0,0,27.7208,0,0,0,1.587083249689103,0.761699252051917,0.803921568627451,0.42647384615384615
0,3,28.0,0,0,7.75,1,1,0,-0.009410678494843129,-0.7107439197427311,0.49019607843137253,0.11923076923076924
0,3,42.0,0,1,8.4042,1,0,1,1.3875215086661097,-0.662509881898075,0.7647058823529411,0.12929538461538462
1,3,28.0,0,0,7.75,0,1,0,-0.009410678494843129,-0.7107439197427311,0.49019607843137253,0.11923076923076924
0,2,24.0,0,0,13.0,0,0,1,-0.40853416054082964,-0.32366244819818096,0.4117647058823529,0.2
0,3,28.0,0,0,9.5,1,0,1,-0.009410678494843129,-0.5817167625612144,0.49019607843137253,0.14615384615384616
0,3,34.0,0,0,6.4958,1,0,1,0.5892745445741366,-0.8032158400496217,0.6078431372549019,0.09993538461538462
0,3,45.5,0,0,7.225,1,0,0,1.736754555456348,-0.7494520668971862,0.8333333333333334,0.11115384615384614
1,3,18.0,0,0,8.05,1,0,1,-1.0072193836098093,-0.688624978511614,0.29411764705882354,0.12384615384615386
0,3,32.0,1,0,15.85,1,0,1,0.3897128035511434,-0.11353250650256805,0.5686274509803921,0.24384615384615385
1,3,26.0,0,0,18.7875,1,0,0,-0.20897241951783638,0.10304879305212086,0.45098039215686275,0.2890384615384616
1,3,16.0,0,0,7.75,0,1,0,-1.2067811246328026,-0.7107439197427311,0.2549019607843137,0.11923076923076924
1,1,40.0,0,0,31.0,1,0,0,1.1879597676431164,1.0034740256688481,0.7254901960784313,0.47692307692307695
0,3,24.0,0,0,7.05,1,0,1,-0.40853416054082964,-0.7623547826153377,0.4117647058823529,0.10846153846153846
1,2,35.0,0,0,21.0,0,0,1,0.6890554150856333,0.26617598463160974,0.6274509803921569,0.3230769230769231
0,3,22.0,0,0,7.25,1,0,1,-0.6080959015638229,-0.7476088217945931,0.37254901960784315,0.11153846153846154
0,2,30.0,0,0,13.0,1,0,1,0.19015106252815014,-0.32366244819818096,0.5294117647058824,0.2
0,3,28.0,1,0,7.75,1,1,0,-0.009410678494843129,-0.7107439197427311,0.49019607843137253,0.11923076923076924
1,3,27.0,0,0,7.925,0,0,1,-0.10919154900633976,-0.6978412040245794,0.47058823529411764,0.12192307692307693
0,2,42.0,1,0,27.0,1,0,1,1.3875215086661097,0.7085548092539529,0.7647058823529411,0.4153846153846154
0,2,30.0,0,0,10.5,1,0,1,0.19015106252815014,-0.5079869584574905,0.5294117647058824,0.16153846153846155
1,3,16.0,0,0,8.05,1,0,1,-1.2067811246328026,-0.688624978511614,0.2549019607843137,0.12384615384615386
0,2,27.0,0,0,13.0,1,0,1,-0.10919154900633976,-0.32366244819818096,0.47058823529411764,0.2
0,3,51.0,0,0,8.05,1,0,1,2.2855493432695795,-0.688624978511614,0.9411764705882353,0.12384615384615386
0,3,28.0,0,0,7.8958,1,0,1,-0.009410678494843129,-0.6999941143044082,0.49019607843137253,0.12147384615384615
0,3,22.0,0,0,9.35,1,0,1,-0.6080959015638229,-0.592776233176773,0.37254901960784315,0.14384615384615385
1,2,19.0,0,0,10.5,1,0,1,-0.9074385130983128,-0.5079869584574905,0.3137254901960784,0.16153846153846155
0,3,20.5,0,0,7.25,1,0,1,-0.7577672073310678,-0.7476088217945931,0.3431372549019608,0.11153846153846154
0,2,18.0,0,0,13.0,1,0,1,-1.0072193836098093,-0.32366244819818096,0.29411764705882354,0.2
0,3,28.0,3,1,25.4667,0,0,1,-0.009410678494843129,0.595504900621713,0.49019607843137253,0.3917953846153846
0,3,29.0,0,0,7.775,1,0,1,0.0903701920166535,-0.7089006746401381,0.5098039215686274,0.11961538461538462
1,3,5.0,4,2,31.3875,0,0,1,-2.3043707002592657,1.0320443247590412,0.0392156862745098,0.48288461538461536
0,2,24.0,0,0,10.5,1,0,1,-0.40853416054082964,-0.5079869584574905,0.4117647058823529,0.16153846153846155
0,3,28.0,0,0,7.55,0,0,1,-0.009410678494843129,-0.7254898805634759,0.49019607843137253,0.11615384615384615
0,2,44.0,1,0,26.0,1,0,1,1.587083249689103,0.634825005150229,0.803921568627451,0.4
1,2,8.0,0,2,26.25,0,0,1,-2.005028088724776,0.6532574561761599,0.09803921568627451,0.40384615384615385
0,2,19.0,0,0,10.5,1,0,1,-0.9074385130983128,-0.5079869584574905,0.3137254901960784,0.16153846153846155
0,2,33.0,0,0,12.275,1,0,1,0.48949367406264,-0.37711655617338075,0.5882352941176471,0.18884615384615386
0,3,28.0,1,0,14.4542,0,0,0,-0.009410678494843129,-0.21644456707054574,0.49019607843137253,0.2223723076923077
1,3,28.0,1,0,15.5,0,1,0,-0.009410678494843129,-0.13933793793887136,0.49019607843137253,0.23846153846153847
0,2,29.0,0,0,10.5,1,0,1,0.0903701920166535,-0.5079869584574905,0.5098039215686274,0.16153846153846155
0,3,22.0,0,0,7.125,1,0,1,-0.6080959015638229,-0.7568250473075585,0.37254901960784315,0.10961538461538461
0,3,30.0,0,0,7.225,1,0,0,0.19015106252815014,-0.7494520668971862,0.5294117647058824,0.11115384615384614
0,3,25.0,0,0,7.775,0,0,1,-0.308753290029333,-0.7089006746401381,0.43137254901960786,0.11961538461538462
1,2,24.0,0,2,14.5,0,0,1,-0.40853416054082964,-0.2130677420425952,0.4117647058823529,0.2230769230769231
1,1,37.0,1,1,52.5542,1,0,1,0.8886171561086266,2.592660969281333,0.6666666666666666,0.8085261538461539
0,2,54.0,1,0,26.0,1,0,1,2.5848919548040694,0.634825005150229,1.0,0.4
0,3,28.0,0,0,7.25,1,0,1,-0.009410678494843129,-0.7476088217945931,0.49019607843137253,0.11153846153846154
0,3,29.0,1,1,10.4625,0,0,1,0.0903701920166535,-0.5107518261113801,0.5098039215686274,0.16096153846153846
0,3,30.0,1,0,16.1,1,0,1,0.19015106252815014,-0.09510005547663695,0.5294117647058824,0.2476923076923077
0,3,41.0,0,2,20.2125,0,0,1,1.287740638154613,0.20811376389992714,0.7450980392156863,0.31096153846153846
1,3,29.0,0,2,15.2458,0,0,0,0.0903701920166535,-0.15808005414203805,0.5098039215686274,0.23455076923076923
1,2,50.0,0,1,26.0,0,0,1,2.185768472758083,0.634825005150229,0.9215686274509803,0.4
0,3,28.0,0,0,7.75,1,1,0,-0.009410678494843129,-0.7107439197427311,0.49019607843137253,0.11923076923076924
1,3,3.0,4,2,31.3875,1,0,1,-2.503932441282259,1.0320443247590412,0.0,0.48288461538461536
0,1,40.0,0,0,0.0,1,0,1,1.1879597676431164,-1.282149901546591,0.7254901960784313,0.0
0,3,28.0,0,0,7.75,0,1,0,-0.009410678494843129,-0.7107439197427311,0.49019607843137253,0.11923076923076924
0,2,36.0,0,0,10.5,1,0,1,0.7888362855971299,-0.5079869584574905,0.6470588235294118,0.16153846153846155
0,3,16.0,4,1,39.6875,1,0,1,-1.2067811246328026,1.644001698819949,0.2549019607843137,0.6105769230769231
1,3,25.0,1,0,7.775,1,0,1,-0.308753290029333,-0.7089006746401381,0.43137254901960786,0.11961538461538462
0,1,28.0,0,0,31.0,1,0,1,-0.009410678494843129,1.0034740256688481,0.49019607843137253,0.47692307692307695
1,3,25.0,0,0,0.0,1,0,1,-0.308753290029333,-1.282149901546591,0.43137254901960786,0.0
1,2,41.0,0,1,19.5,0,0,1,1.287740638154613,0.155581278476024,0.7450980392156863,0.3
0,1,37.0,0,1,29.7,1,0,0,0.8886171561086266,0.9076252803340071,0.6666666666666666,0.45692307692307693
1,3,28.0,0,0,7.75,0,1,0,-0.009410678494843129,-0.7107439197427311,0.49019607843137253,0.11923076923076924
0,3,45.0,0,0,7.75,0,0,1,1.6868641202005996,-0.7107439197427311,0.8235294117647058,0.11923076923076924
0,2,28.0,0,0,0.0,1,0,1,-0.009410678494843129,-1.282149901546591,0.49019607843137253,0.0
0,3,7.0,4,1,29.125,1,1,0,-2.1048089592362724,0.865230642974366,0.0784313725490196,0.4480769230769231
1,3,35.0,1,1,20.25,0,0,1,0.6890554150856333,0.2108786315538169,0.6274509803921569,0.31153846153846154
0,3,28.0,0,0,7.8542,1,0,1,-0.009410678494843129,-0.7030612741551232,0.49019607843137253,0.12083384615384615
0,3,16.0,0,0,9.5,1,0,1,-1.2067811246328026,-0.5817167625612144,0.2549019607843137,0.14615384615384616
1,3,19.0,0,0,8.05,1,0,1,-0.9074385130983128,-0.688624978511614,0.3137254901960784,0.12384615384615386
0,1,28.0,0,0,26.0,1,0,1,-0.009410678494843129,0.634825005150229,0.49019607843137253,0.4
0,3,33.0,0,0,8.6625,1,0,0,0.48949367406264,-0.6434654734980831,0.5882352941176471,0.13326923076923075
1,3,30.0,0,0,9.5,1,0,1,0.19015106252815014,-0.5817167625612144,0.5294117647058824,0.14615384615384616
0,3,22.0,0,0,7.8958,1,0,1,-0.6080959015638229,-0.6999941143044082,0.37254901960784315,0.12147384615384615
1,2,42.0,0,0,13.0,1,0,1,1.3875215086661097,-0.32366244819818096,0.7647058823529411,0.2
1,3,22.0,0,0,7.75,0,1,0,-0.6080959015638229,-0.7107439197427311,0.37254901960784315,0.11923076923076924
0,2,36.0,0,0,12.875,1,0,0,0.7888362855971299,-0.33287867371114643,0.6470588235294118,0.19807692307692307
0,3,24.0,0,0,8.85,0,0,1,-0.40853416054082964,-0.629641135228635,0.4117647058823529,0.13615384615384615
0,3,24.0,0,0,7.8958,1,0,1,-0.40853416054082964,-0.6999941143044082,0.4117647058823529,0.12147384615384615
0,1,28.0,0,0,27.7208,1,0,0,-0.009410678494843129,0.761699252051917,0.49019607843137253,0.42647384615384615
0,3,23.5,0,0,7.2292,1,0,0,-0.45842459579657796,-0.7491424017199506,0.4019607843137255,0.11121846153846153
1,1,28.0,0,0,30.5,1,0,1,-0.009410678494843129,0.9666091236169863,0.49019607843137253,0.46923076923076923
1,3,28.0,0,0,7.75,0,1,0,-0.009410678494843129,-0.7107439197427311,0.49019607843137253,0.11923076923076924
1,3,28.0,2,0,23.25,1,1,0,-0.009410678494843129,0.4320680438649884,0.49019607843137253,0.3576923076923077
0,3,19.0,0,0,0.0,1,0,1,-0.9074385130983128,-1.282149901546591,0.3137254901960784,0.0
1,2,28.0,0,0,12.35,0,1,0,-0.009410678494843129,-0.3715868208656015,0.49019607843137253,0.19
0,3,28.0,0,0,8.05,1,0,1,-0.009410678494843129,-0.688624978511614,0.49019607843137253,0.12384615384615386
0,2,30.0,1,0,24.0,1,0,0,0.19015106252815014,0.4873653969427813,0.5294117647058824,0.36923076923076925
1,1,30.0,0,0,56.9292,0,0,0,0.19015106252815014,2.9152288622351246,0.5294117647058824,0.8758338461538462
0,2,26.0,1,1,26.0,0,0,1,-0.20897241951783638,0.634825005150229,0.45098039215686275,0.4
0,3,28.0,0,0,7.8958,1,0,1,-0.009410678494843129,-0.6999941143044082,0.49019607843137253,0.12147384615384615
0,2,43.0,1,1,26.25,1,0,1,1.4873023791776063,0.6532574561761599,0.7843137254901961,0.40384615384615385
1,3,26.0,0,0,7.8542,0,0,1,-0.20897241951783638,-0.7030612741551232,0.45098039215686275,0.12083384615384615
1,2,24.0,1,0,26.0,0,0,1,-0.40853416054082964,0.634825005150229,0.4117647058823529,0.4
0,2,54.0,0,0,14.0,1,0,1,2.5848919548040694,-0.24993264409445715,1.0,0.2153846153846154
0,3,22.0,0,0,7.25,1,0,1,-0.6080959015638229,-0.7476088217945931,0.37254901960784315,0.11153846153846154
0,3,27.0,0,0,7.8958,1,0,1,-0.10919154900633976,-0.6999941143044082,0.47058823529411764,0.12147384615384615
1,2,30.0,0,0,12.35,0,1,0,0.19015106252815014,-0.3715868208656015,0.5294117647058824,0.19
1,2,22.0,1,1,29.0,0,0,1,-0.6080959015638229,0.8560144174614005,0.37254901960784315,0.4461538461538462
1,2,36.0,0,0,13.0,0,0,1,0.7888362855971299,-0.32366244819818096,0.6470588235294118,0.2
1,3,31.0,1,1,20.525,0,0,1,0.28993193303964676,0.23115432768234084,0.5490196078431373,0.31576923076923075
1,1,16.0,0,1,57.9792,0,0,0,-1.2067811246328026,2.992645156544034,0.2549019607843137,0.8919876923076923
1,3,28.0,2,0,23.25,0,1,0,-0.009410678494843129,0.4320680438649884,0.49019607843137253,0.3576923076923077
0,1,45.5,0,0,28.5,1,0,1,1.736754555456348,0.8191495154095386,0.8333333333333334,0.43846153846153846
0,3,16.0,2,0,18.0,1,0,1,-1.2067811246328026,0.044986572320438234,0.2549019607843137,0.27692307692307694
0,3,28.0,0,0,7.8958,1,0,1,-0.009410678494843129,-0.6999941143044082,0.49019607843137253,0.12147384615384615
1,3,45.0,0,0,8.05,1,0,1,1.6868641202005996,-0.688624978511614,0.8235294117647058,0.12384615384615386
0,1,45.0,0,0,35.5,1,0,1,1.6868641202005996,1.3352581441356055,0.8235294117647058,0.5461538461538461
0,2,28.0,0,0,13.0,1,0,1,-0.009410678494843129,-0.32366244819818096,0.49019607843137253,0.2
0,2,25.0,0,0,13.0,1,0,1,-0.308753290029333,-0.32366244819818096,0.43137254901960786,0.2
0,2,36.0,0,0,13.0,1,0,1,0.7888362855971299,-0.32366244819818096,0.6470588235294118,0.2
1,2,24.0,0,0,13.0,0,0,1,-0.40853416054082964,-0.32366244819818096,0.4117647058823529,0.2
1,2,40.0,0,0,13.0,0,0,1,1.1879597676431164,-0.32366244819818096,0.7254901960784313,0.2
1,3,28.0,1,0,16.1,0,0,1,-0.009410678494843129,-0.09510005547663695,0.49019607843137253,0.2476923076923077
1,3,3.0,1,1,15.9,1,0,1,-2.503932441282259,-0.1098460162973818,0.0,0.24461538461538462
0,3,42.0,0,0,8.6625,1,0,1,1.3875215086661097,-0.6434654734980831,0.7647058823529411,0.13326923076923075
0,3,23.0,0,0,9.225,1,0,1,-0.5083150310523262,-0.6019924586897385,0.39215686274509803,0.14192307692307693
0,1,28.0,0,0,35.0,1,0,1,-0.009410678494843129,1.2983932420837436,0.49019607843137253,0.5384615384615384
0,3,15.0,1,1,7.2292,1,0,0,-1.3065619951442993,-0.7491424017199506,0.23529411764705882,0.11121846153846153
0,3,25.0,1,0,17.8,1,0,1,-0.308753290029333,0.03024061149969352,0.43137254901960786,0.27384615384615385
0,3,28.0,0,0,7.225,1,0,0,-0.009410678494843129,-0.7494520668971862,0.49019607843137253,0.11115384615384614
0,3,28.0,0,0,9.5,1,0,1,-0.009410678494843129,-0.5817167625612144,0.49019607843137253,0.14615384615384616
1,1,22.0,0,1,55.0,0,0,1,-0.6080959015638229,2.77298932415822,0.37254901960784315,0.8461538461538461
0,2,38.0,0,0,13.0,0,0,1,0.9883980266201232,-0.32366244819818096,0.6862745098039216,0.2
1,3,28.0,0,0,7.8792,0,1,0,-0.009410678494843129,-0.70121802905253,0.49019607843137253,0.12121846153846154
1,3,28.0,0,0,7.8792,0,1,0,-0.009410678494843129,-0.70121802905253,0.49019607843137253,0.12121846153846154
0,3,40.0,1,4,27.9,1,0,1,1.1879597676431164,0.7749116329473041,0.7254901960784313,0.4292307692307692
0,2,29.0,1,0,27.7208,1,0,0,0.0903701920166535,0.761699252051917,0.5098039215686274,0.42647384615384615
0,3,45.0,0,1,14.4542,0,0,0,1.6868641202005996,-0.21644456707054574,0.8235294117647058,0.2223723076923077
0,3,35.0,0,0,7.05,1,0,1,0.6890554150856333,-0.7623547826153377,0.6274509803921569,0.10846153846153846
0,3,28.0,1,0,15.5,1,1,0,-0.009410678494843129,-0.13933793793887136,0.49019607843137253,0.23846153846153847
0,3,30.0,0,0,7.25,1,0,1,0.19015106252815014,-0.7476088217945931,0.5294117647058824,0.11153846153846154
1,3,28.0,0,0,7.2292,0,0,0,-0.009410678494843129,-0.7491424017199506,0.49019607843137253,0.11121846153846153
1,3,28.0,0,0,7.75,0,1,0,-0.009410678494843129,-0.7107439197427311,0.49019607843137253,0.11923076923076924
1,1,25.0,1,0,55.4417,1,0,0,-0.308753290029333,2.805555778630835,0.43137254901960786,0.8529492307692307
0,3,18.0,1,0,6.4958,1,0,1,-1.0072193836098093,-0.8032158400496217,0.29411764705882354,0.09993538461538462
0,3,19.0,0,0,8.05,1,0,1,-0.9074385130983128,-0.688624978511614,0.3137254901960784,0.12384615384615386
0,3,3.0,3,1,21.075,0,0,1,-2.503932441282259,0.271705719939389,0.0,0.3242307692307692
1,3,22.0,0,0,7.25,0,0,1,-0.6080959015638229,-0.7476088217945931,0.37254901960784315,0.11153846153846154
0,3,20.0,0,0,4.0125,1,0,0,-0.8076576425868162,-0.9863090625803991,0.3333333333333333,0.061730769230769235
0,3,19.0,0,0,7.775,1,0,1,-0.9074385130983128,-0.7089006746401381,0.3137254901960784,0.11961538461538462
0,3,32.0,0,0,7.925,1,0,1,0.3897128035511434,-0.6978412040245794,0.5686274509803921,0.12192307692307693
1,1,35.0,1,0,52.0,0,0,1,0.6890554150856333,2.551799911847049,0.6274509803921569,0.8
0,3,28.0,0,0,7.8958,1,0,1,-0.009410678494843129,-0.6999941143044082,0.49019607843137253,0.12147384615384615
1,2,36.0,0,0,13.0,0,0,1,0.7888362855971299,-0.32366244819818096,0.6470588235294118,0.2
0,3,28.0,0,0,7.7292,1,1,0,-0.009410678494843129,-0.7122774996680887,0.49019607843137253,0.11891076923076922
1,2,17.0,0,0,12.0,0,0,0,-1.107000254121306,-0.39739225230190484,0.27450980392156865,0.18461538461538463
1,3,21.0,0,0,7.7958,1,0,1,-0.7078767720753195,-0.7073670947147807,0.35294117647058826,0.11993538461538461
0,3,28.0,2,0,7.925,1,0,1,-0.009410678494843129,-0.6978412040245794,0.49019607843137253,0.12192307692307693
1,3,24.0,0,2,16.7,0,0,1,-0.40853416054082964,-0.05086217301440281,0.4117647058823529,0.2569230769230769
0,3,22.0,0,0,7.7958,1,0,1,-0.6080959015638229,-0.7073670947147807,0.37254901960784315,0.11993538461538461
0,3,31.0,0,0,7.8542,0,0,1,0.28993193303964676,-0.7030612741551232,0.5490196078431373,0.12083384615384615
0,2,46.0,0,0,26.0,1,0,1,1.7866449907120963,0.634825005150229,0.8431372549019608,0.4
0,2,23.0,0,0,10.5,1,0,1,-0.5083150310523262,-0.5079869584574905,0.39215686274509803,0.16153846153846155
1,2,28.0,0,0,12.65,0,0,1,-0.009410678494843129,-0.3494678796344843,0.49019607843137253,0.19461538461538463
1,3,39.0,0,0,7.925,1,0,1,1.0881788971316197,-0.6978412040245794,0.7058823529411765,0.12192307692307693
0,3,26.0,0,0,8.05,1,0,1,-0.20897241951783638,-0.688624978511614,0.45098039215686275,0.12384615384615386
0,3,21.0,1,0,9.825,0,0,1,-0.7078767720753195,-0.5577545762275042,0.35294117647058826,0.15115384615384614
0,3,28.0,1,0,15.85,1,0,1,-0.009410678494843129,-0.11353250650256805,0.49019607843137253,0.24384615384615385
0,3,20.0,0,0,8.6625,0,0,1,-0.8076576425868162,-0.6434654734980831,0.3333333333333333,0.13326923076923075
0,2,34.0,1,0,21.0,1,0,1,0.5892745445741366,0.26617598463160974,0.6078431372549019,0.3230769230769231
0,3,51.0,0,0,7.75,1,0,1,2.2855493432695795,-0.7107439197427311,0.9411764705882353,0.11923076923076924
1,2,3.0,1,1,18.75,1,0,1,-2.503932441282259,0.10028392539823111,0.0,0.28846153846153844
0,3,21.0,0,0,7.775,1,0,1,-0.7078767720753195,-0.7089006746401381,0.35294117647058826,0.11961538461538462
0,3,28.0,3,1,25.4667,0,0,1,-0.009410678494843129,0.595504900621713,0.49019607843137253,0.3917953846153846
0,3,28.0,0,0,7.8958,1,0,1,-0.009410678494843129,-0.6999941143044082,0.49019607843137253,0.12147384615384615
0,3,28.0,0,0,6.8583,1,1,0,-0.009410678494843129,-0.7764887860620217,0.49019607843137253,0.10551230769230768
0,2,28.0,0,0,0.0,1,0,1,-0.009410678494843129,-1.282149901546591,0.49019607843137253,0.0
1,3,44.0,0,0,7.925,1,0,1,1.587083249689103,-0.6978412040245794,0.803921568627451,0.12192307692307693
0,3,28.0,0,0,8.05,0,0,1,-0.009410678494843129,-0.688624978511614,0.49019607843137253,0.12384615384615386
1,2,34.0,1,1,32.5,0,0,1,0.5892745445741366,1.114068731824434,0.6078431372549019,0.5
1,2,18.0,0,2,13.0,0,0,1,-1.0072193836098093,-0.32366244819818096,0.29411764705882354,0.2
0,2,30.0,0,0,13.0,1,0,1,0.19015106252815014,-0.32366244819818096,0.5294117647058824,0.2
0,3,10.0,0,2,24.15,0,0,1,-1.8054663477017825,0.49842486755833976,0.13725490196078433,0.37153846153846154
0,3,28.0,0,0,7.8958,1,0,0,-0.009410678494843129,-0.6999941143044082,0.49019607843137253,0.12147384615384615
0,3,21.0,0,0,7.7333,1,1,0,-0.7078767720753195,-0.7119752074712633,0.35294117647058826,0.11897384615384615
0,3,29.0,0,0,7.875,1,0,1,0.0903701920166535,-0.7015276942297657,0.5098039215686274,0.12115384615384615
0,3,28.0,1,1,14.4,0,0,1,-0.009410678494843129,-0.22044072245296756,0.49019607843137253,0.22153846153846155
0,3,18.0,1,1,20.2125,1,0,1,-1.0072193836098093,0.20811376389992714,0.29411764705882354,0.31096153846153846
0,3,28.0,0,0,7.25,1,0,1,-0.009410678494843129,-0.7476088217945931,0.49019607843137253,0.11153846153846154
1,2,28.0,1,0,26.0,0,0,1,-0.009410678494843129,0.634825005150229,0.49019607843137253,0.4
1,2,19.0,0,0,26.0,0,0,1,-0.9074385130983128,0.634825005150229,0.3137254901960784,0.4
0,3,28.0,0,0,7.75,1,1,0,-0.009410678494843129,-0.7107439197427311,0.49019607843137253,0.11923076923076924
1,3,32.0,0,0,8.05,1,0,1,0.3897128035511434,-0.688624978511614,0.5686274509803921,0.12384615384615386
1,1,28.0,0,0,26.55,1,0,1,-0.009410678494843129,0.6753763974072772,0.49019607843137253,0.4084615384615385
1,3,28.0,1,0,16.1,0,0,1,-0.009410678494843129,-0.09510005547663695,0.49019607843137253,0.2476923076923077
1,2,42.0,1,0,26.0,0,0,1,1.3875215086661097,0.634825005150229,0.7647058823529411,0.4
0,3,17.0,0,0,7.125,1,0,1,-1.107000254121306,-0.7568250473075585,0.27450980392156865,0.10961538461538461
0,1,50.0,1,0,55.9,1,0,1,2.185768472758083,2.839346147851572,0.9215686274509803,0.86
0,3,21.0,2,2,34.375,0,0,1,-0.7078767720753195,1.2523121145189162,0.35294117647058826,0.5288461538461539
1,2,24.0,2,3,18.75,0,0,1,-0.40853416054082964,0.10028392539823111,0.4117647058823529,0.28846153846153844
0,2,31.0,0,0,10.5,1,0,1,0.28993193303964676,-0.5079869584574905,0.5490196078431373,0.16153846153846155
1,2,45.0,1,1,26.25,0,0,1,1.6868641202005996,0.6532574561761599,0.8235294117647058,0.40384615384615385
0,3,20.0,0,0,9.5,1,0,1,-0.8076576425868162,-0.5817167625612144,0.3333333333333333,0.14615384615384616
0,3,25.0,1,0,7.775,1,0,1,-0.308753290029333,-0.7089006746401381,0.43137254901960786,0.11961538461538462
1,2,28.0,0,0,13.0,0,0,1,-0.009410678494843129,-0.32366244819818096,0.49019607843137253,0.2
1,3,28.0,0,0,8.1125,1,0,1,-0.009410678494843129,-0.6840168657551312,0.49019607843137253,0.12480769230769231
1,2,13.0,0,1,19.5,0,0,1,-1.5061237361672926,0.155581278476024,0.19607843137254902,0.3
1,1,34.0,0,0,26.55,1,0,1,0.5892745445741366,0.6753763974072772,0.6078431372549019,0.4084615384615385
1,3,5.0,2,1,19.2583,0,0,0,-2.3043707002592657,0.13776078482415383,0.0392156862745098,0.29628153846153843
1,1,52.0,0,0,30.5,1,0,1,2.385330213781076,0.9666091236169863,0.9607843137254902,0.46923076923076923
0,2,36.0,1,2,27.75,1,0,1,0.7888362855971299,0.7638521623317457,0.6470588235294118,0.4269230769230769
0,3,28.0,1,0,19.9667,1,0,1,-0.009410678494843129,0.18999097805123188,0.49019607843137253,0.30718
0,1,30.0,0,0,27.75,1,0,0,0.19015106252815014,0.7638521623317457,0.5294117647058824,0.4269230769230769
0,3,28.0,0,0,8.05,1,0,1,-0.009410678494843129,-0.688624978511614,0.49019607843137253,0.12384615384615386
1,3,29.0,0,0,7.8958,1,0,0,0.0903701920166535,-0.6999941143044082,0.5098039215686274,0.12147384615384615
1,1,28.0,1,0,51.8625,0,0,1,-0.009410678494843129,2.5416620637827867,0.49019607843137253,0.7978846153846153
1,2,50.0,0,0,10.5,0,0,1,2.185768472758083,-0.5079869584574905,0.9215686274509803,0.16153846153846155
0,3,28.0,0,0,7.75,1,1,0,-0.009410678494843129,-0.7107439197427311,0.49019607843137253,0.11923076923076924
1,1,48.0,0,0,26.55,1,0,1,1.9862067317350895,0.6753763974072772,0.8823529411764706,0.4084615384615385
0,3,34.0,0,0,8.05,1,0,1,0.5892745445741366,-0.688624978511614,0.6078431372549019,0.12384615384615386
0,1,47.0,0,0,38.5,1,0,1,1.886425861223593,1.556447556446777,0.8627450980392157,0.5923076923076923
0,2,48.0,0,0,13.0,1,0,1,1.9862067317350895,-0.32366244819818096,0.8823529411764706,0.2
0,3,28.0,0,0,8.05,1,0,1,-0.009410678494843129,-0.688624978511614,0.49019607843137253,0.12384615384615386
0,3,38.0,0,0,7.05,1,0,1,0.9883980266201232,-0.7623547826153377,0.6862745098039216,0.10846153846153846
0,2,28.0,0,0,0.0,1,0,1,-0.009410678494843129,-1.282149901546591,0.49019607843137253,0.0
0,3,28.0,0,0,7.725,1,1,0,-0.009410678494843129,-0.7125871648453243,0.49019607843137253,0.11884615384615384
0,3,28.0,0,0,7.25,1,0,1,-0.009410678494843129,-0.7476088217945931,0.49019607843137253,0.11153846153846154
0,3,38.0,0,0,8.6625,1,0,1,0.9883980266201232,-0.6434654734980831,0.6862745098039216,0.13326923076923075
1,2,33.0,1,2,27.75,0,0,1,0.48949367406264,0.7638521623317457,0.5882352941176471,0.4269230769230769
1,2,23.0,0,0,13.7917,0,0,0,-0.5083150310523262,-0.2652905622892628,0.39215686274509803,0.21218
0,3,22.0,0,0,9.8375,0,0,1,-0.6080959015638229,-0.5568329536762076,0.37254901960784315,0.15134615384615385
0,1,28.0,0,0,52.0,1,0,1,-0.009410678494843129,2.551799911847049,0.49019607843137253,0.8
0,2,34.0,1,0,21.0,1,0,1,0.5892745445741366,0.26617598463160974,0.6078431372549019,0.3230769230769231
0,3,29.0,1,0,7.0458,1,0,1,0.0903701920166535,-0.7626644477925735,0.5098039215686274,0.10839692307692307
0,3,22.0,0,0,7.5208,1,0,1,-0.6080959015638229,-0.7276427908433045,0.37254901960784315,0.11570461538461539
0,3,9.0,5,2,46.9,1,0,1,-1.9052472182132791,2.175777910918057,0.11764705882352941,0.7215384615384615
0,2,28.0,0,0,0.0,1,0,1,-0.009410678494843129,-1.282149901546591,0.49019607843137253,0.0
0,3,50.0,0,0,8.05,1,0,1,2.185768472758083,-0.688624978511614,0.9215686274509803,0.12384615384615386
0,3,28.0,3,1,25.4667,0,0,1,-0.009410678494843129,0.595504900621713,0.49019607843137253,0.3917953846153846
0,3,30.0,0,0,8.05,1,0,1,0.19015106252815014,-0.688624978511614,0.5294117647058824,0.12384615384615386
1,3,9.0,1,1,15.9,1,0,1,-1.9052472182132791,-0.1098460162973818,0.11764705882352941,0.24461538461538462
0,3,28.0,1,0,19.9667,1,0,1,-0.009410678494843129,0.18999097805123188,0.49019607843137253,0.30718
0,3,21.0,0,0,7.25,1,0,1,-0.7078767720753195,-0.7476088217945931,0.35294117647058826,0.11153846153846154
0,3,21.0,0,0,8.05,1,0,1,-0.7078767720753195,-0.688624978511614,0.35294117647058826,0.12384615384615386
0,3,28.0,0,0,14.4583,1,0,0,-0.009410678494843129,-0.21614227487372054,0.49019607843137253,0.22243538461538462
0,3,28.0,0,0,15.1,1,0,1,-0.009410678494843129,-0.16882985958036092,0.49019607843137253,0.2323076923076923
0,3,24.0,0,0,7.7958,1,0,1,-0.40853416054082964,-0.7073670947147807,0.4117647058823529,0.11993538461538461
0,3,17.0,0,0,8.6625,1,0,1,-1.107000254121306,-0.6434654734980831,0.27450980392156865,0.13326923076923075
0,3,21.0,0,0,7.75,0,1,0,-0.7078767720753195,-0.7107439197427311,0.35294117647058826,0.11923076923076924
0,3,28.0,0,0,7.6292,0,1,0,-0.009410678494843129,-0.7196504800784609,0.49019607843137253,0.11737230769230769
0,3,37.0,0,0,9.5875,0,0,1,0.8886171561086266,-0.5752654047021386,0.6666666666666666,0.1475
1,2,33.0,0,2,26.0,0,0,1,0.48949367406264,0.634825005150229,0.5882352941176471,0.4
1,1,28.0,0,0,26.55,1,0,1,-0.009410678494843129,0.6753763974072772,0.49019607843137253,0.4084615384615385
0,3,28.0,0,0,22.525,1,0,1,-0.009410678494843129,0.37861393588978853,0.49019607843137253,0.3465384615384615
1,3,26.0,0,0,56.4958,1,0,1,-0.20897241951783638,2.883274365136571,0.45098039215686275,0.8691661538461539
1,3,29.0,0,0,7.75,1,1,0,0.0903701920166535,-0.7107439197427311,0.5098039215686274,0.11923076923076924
0,3,28.0,0,0,8.05,1,0,1,-0.009410678494843129,-0.688624978511614,0.49019607843137253,0.12384615384615386
1,1,36.0,0,0,26.2875,1,0,1,0.7888362855971299,0.6560223238300497,0.6470588235294118,0.40442307692307694
1,1,54.0,1,0,59.4,0,0,0,2.5848919548040694,3.097400462214605,1.0,0.9138461538461539
0,3,24.0,0,0,7.4958,1,0,1,-0.40853416054082964,-0.7294860359458978,0.4117647058823529,0.11532
0,1,47.0,0,0,34.0208,1,0,1,1.886425861223593,1.2261970179053772,0.8627450980392157,0.5233969230769231
1,2,34.0,0,0,10.5,0,0,1,0.5892745445741366,-0.5079869584574905,0.6078431372549019,0.16153846153846155
0,3,28.0,0,0,24.15,1,1,0,-0.009410678494843129,0.49842486755833976,0.49019607843137253,0.37153846153846154
1,2,36.0,1,0,26.0,0,0,1,0.7888362855971299,0.634825005150229,0.6470588235294118,0.4
0,3,32.0,0,0,7.8958,1,0,1,0.3897128035511434,-0.6999941143044082,0.5686274509803921,0.12147384615384615
0,3,22.0,0,0,7.8958,1,0,1,-0.6080959015638229,-0.6999941143044082,0.37254901960784315,0.12147384615384615
0,3,28.0,0,0,7.225,1,0,0,-0.009410678494843129,-0.7494520668971862,0.49019607843137253,0.11115384615384614
1,1,44.0,0,1,57.9792,0,0,0,1.587083249689103,2.992645156544034,0.803921568627451,0.8919876923076923
0,3,28.0,0,0,7.2292,1,0,0,-0.009410678494843129,-0.7491424017199506,0.49019607843137253,0.11121846153846153
0,3,40.5,0,0,7.75,1,1,0,1.2378502028988647,-0.7107439197427311,0.7352941176470589,0.11923076923076924
1,2,50.0,0,0,10.5,0,0,1,2.185768472758083,-0.5079869584574905,0.9215686274509803,0.16153846153846155
0,3,39.0,0,0,7.925,1,0,1,1.0881788971316197,-0.6978412040245794,0.7058823529411765,0.12192307692307693
0,2,23.0,2,1,11.5,1,0,1,-0.5083150310523262,-0.4342571543537667,0.39215686274509803,0.17692307692307693
0,3,28.0,0,0,7.2292,1,0,0,-0.009410678494843129,-0.7491424017199506,0.49019607843137253,0.11121846153846153
0,3,17.0,1,1,7.2292,1,0,0,-1.107000254121306,-0.7491424017199506,0.27450980392156865,0.11121846153846153
1,3,28.0,0,2,22.3583,0,0,0,-0.009410678494843129,0.3663231775456978,0.49019607843137253,0.34397384615384613
0,3,30.0,0,0,8.6625,0,0,1,0.19015106252815014,-0.6434654734980831,0.5294117647058824,0.13326923076923075
1,2,7.0,0,2,26.25,0,0,1,-2.1048089592362724,0.6532574561761599,0.0784313725490196,0.40384615384615385
0,1,45.0,0,0,26.55,1,0,1,1.6868641202005996,0.6753763974072772,0.8235294117647058,0.4084615384615385
0,3,28.0,0,0,14.5,1,0,1,-0.009410678494843129,-0.2130677420425952,0.49019607843137253,0.2230769230769231
1,1,22.0,0,2,49.5,0,0,0,-0.6080959015638229,2.3674754015877393,0.37254901960784315,0.7615384615384615
0,3,9.0,4,2,31.275,0,0,1,-1.9052472182132791,1.0237497217973721,0.11764705882352941,0.48115384615384615
0,3,11.0,4,2,31.275,0,0,1,-1.7056854771902858,1.0237497217973721,0.1568627450980392,0.48115384615384615
1,2,32.0,1,0,26.0,1,0,1,0.3897128035511434,0.634825005150229,0.5686274509803921,0.4
1,2,19.0,1,0,26.0,0,0,1,-0.9074385130983128,0.634825005150229,0.3137254901960784,0.4
1,2,28.0,0,0,13.8625,1,0,0,-0.009410678494843129,-0.26007049215871914,0.49019607843137253,0.21326923076923077
0,3,33.0,1,1,20.525,1,0,1,0.48949367406264,0.23115432768234084,0.5882352941176471,0.31576923076923075
1,2,8.0,1,1,36.75,1,0,1,-2.005028088724776,1.4274203992652603,0.09803921568627451,0.5653846153846154
0,2,27.0,0,0,26.0,1,0,1,-0.10919154900633976,0.634825005150229,0.47058823529411764,0.4
0,3,28.0,0,0,7.8292,1,1,0,-0.009410678494843129,-0.7049045192577162,0.49019607843137253,0.12044923076923077
1,3,22.0,0,0,7.225,1,0,0,-0.6080959015638229,-0.7494520668971862,0.37254901960784315,0.11115384615384614
1,3,22.0,0,0,7.775,0,0,1,-0.6080959015638229,-0.7089006746401381,0.37254901960784315,0.11961538461538462
1,1,48.0,1,0,39.6,0,0,0,1.9862067317350895,1.6375503409608734,0.8823529411764706,0.6092307692307692
1,3,36.0,1,0,17.4,0,0,1,0.7888362855971299,0.0007486898582038251,0.6470588235294118,0.2676923076923077
0,3,28.0,0,0,7.75,1,1,0,-0.009410678494843129,-0.7107439197427311,0.49019607843137253,0.11923076923076924
0,3,40.0,0,0,7.8958,1,0,1,1.1879597676431164,-0.6999941143044082,0.7254901960784313,0.12147384615384615
0,2,28.0,0,0,13.5,1,0,1,-0.009410678494843129,-0.286797546146319,0.49019607843137253,0.2076923076923077
0,3,28.0,0,0,8.05,1,0,1,-0.009410678494843129,-0.688624978511614,0.49019607843137253,0.12384615384615386
0,3,28.0,0,0,8.05,0,0,1,-0.009410678494843129,-0.688624978511614,0.49019607843137253,0.12384615384615386
0,3,24.0,2,0,24.15,1,0,1,-0.40853416054082964,0.49842486755833976,0.4117647058823529,0.37153846153846154
0,3,19.0,0,0,7.8958,1,0,1,-0.9074385130983128,-0.6999941143044082,0.3137254901960784,0.12147384615384615
0,3,29.0,0,4,21.075,0,0,1,0.0903701920166535,0.271705719939389,0.5098039215686274,0.3242307692307692
0,3,28.0,0,0,7.2292,1,0,0,-0.009410678494843129,-0.7491424017199506,0.49019607843137253,0.11121846153846153
1,3,32.0,0,0,7.8542,1,0,1,0.3897128035511434,-0.7030612741551232,0.5686274509803921,0.12083384615384615
1,1,53.0,2,0,51.4792,0,0,1,2.4851110842925728,2.5134014298698295,0.9803921568627451,0.7919876923076923
1,1,36.0,0,0,26.3875,1,0,1,0.7888362855971299,0.6633953042404219,0.6470588235294118,0.40596153846153843
1,3,28.0,0,0,7.75,0,1,0,-0.009410678494843129,-0.7107439197427311,0.49019607843137253,0.11923076923076924
0,3,16.0,0,0,8.05,1,0,1,-1.2067811246328026,-0.688624978511614,0.2549019607843137,0.12384615384615386
0,3,19.0,0,0,14.5,1,0,1,-0.9074385130983128,-0.2130677420425952,0.3137254901960784,0.2230769230769231
1,2,34.0,0,0,13.0,0,0,1,0.5892745445741366,-0.32366244819818096,0.6078431372549019,0.2
1,1,39.0,1,0,55.9,0,0,1,1.0881788971316197,2.839346147851572,0.7058823529411765,0.86
0,3,28.0,1,0,14.4583,0,0,0,-0.009410678494843129,-0.21614227487372054,0.49019607843137253,0.22243538461538462
1,3,32.0,0,0,7.925,1,0,1,0.3897128035511434,-0.6978412040245794,0.5686274509803921,0.12192307692307693
1,2,25.0,1,1,30.0,0,0,1,-0.308753290029333,0.9297442215651244,0.43137254901960786,0.46153846153846156
0,2,54.0,0,0,26.0,1,0,1,2.5848919548040694,0.634825005150229,1.0,0.4
0,1,36.0,0,0,40.125,1,0,0,0.7888362855971299,1.6762584881153282,0.6470588235294118,0.6173076923076923
0,3,28.0,0,0,8.7125,1,0,0,-0.009410678494843129,-0.639778983292897,0.49019607843137253,0.13403846153846155
0,2,47.0,0,0,15.0,1,0,1,1.886425861223593,-0.1762028399907333,0.8627450980392157,0.23076923076923078
0,3,22.0,0,0,8.05,1,0,1,-0.6080959015638229,-0.688624978511614,0.37254901960784315,0.12384615384615386
0,3,28.0,0,0,8.05,1,0,1,-0.009410678494843129,-0.688624978511614,0.49019607843137253,0.12384615384615386
0,3,35.0,0,0,7.125,1,0,1,0.6890554150856333,-0.7568250473075585,0.6274509803921569,0.10961538461538461
0,3,47.0,0,0,7.25,1,0,1,1.886425861223593,-0.7476088217945931,0.8627450980392157,0.11153846153846154
0,3,28.0,0,2,7.75,0,1,0,-0.009410678494843129,-0.7107439197427311,0.49019607843137253,0.11923076923076924
0,2,37.0,1,0,26.0,1,0,1,0.8886171561086266,0.634825005150229,0.6666666666666666,0.4
0,3,36.0,1,1,24.15,1,0,1,0.7888362855971299,0.49842486755833976,0.6470588235294118,0.37153846153846154
1,2,28.0,0,0,33.0,0,0,1,-0.009410678494843129,1.1509336338762959,0.49019607843137253,0.5076923076923077
0,3,49.0,0,0,0.0,1,0,1,2.085987602246586,-1.282149901546591,0.9019607843137255,0.0
0,3,28.0,0,0,7.225,1,0,0,-0.009410678494843129,-0.7494520668971862,0.49019607843137253,0.11115384615384614
1,1,49.0,1,0,56.9292,1,0,0,2.085987602246586,2.9152288622351246,0.9019607843137255,0.8758338461538462
1,2,24.0,2,1,27.0,0,0,1,-0.40853416054082964,0.7085548092539529,0.4117647058823529,0.4153846153846154
0,3,28.0,0,0,7.8958,1,0,1,-0.009410678494843129,-0.6999941143044082,0.49019607843137253,0.12147384615384615
0,1,28.0,0,0,42.4,1,0,1,-0.009410678494843129,1.8439937924513,0.49019607843137253,0.6523076923076923
0,3,44.0,0,0,8.05,1,0,1,1.587083249689103,-0.688624978511614,0.803921568627451,0.12384615384615386
1,1,35.0,0,0,26.55,1,0,0,0.6890554150856333,0.6753763974072772,0.6274509803921569,0.4084615384615385
0,3,36.0,1,0,15.55,1,0,1,0.7888362855971299,-0.13565144773368512,0.6470588235294118,0.23923076923076925
0,3,30.0,0,0,7.8958,1,0,1,0.19015106252815014,-0.6999941143044082,0.5294117647058824,0.12147384615384615
1,1,27.0,0,0,30.5,1,0,1,-0.10919154900633976,0.9666091236169863,0.47058823529411764,0.46923076923076923
1,2,22.0,1,2,41.5792,0,0,0,-0.6080959015638229,1.7834763692429634,0.37254901960784315,0.63968
0,3,39.0,1,5,31.275,0,0,1,1.0881788971316197,1.0237497217973721,0.7058823529411765,0.48115384615384615
0,3,28.0,0,0,7.05,1,0,1,-0.009410678494843129,-0.7623547826153377,0.49019607843137253,0.10846153846153846
1,3,28.0,1,0,15.5,0,1,0,-0.009410678494843129,-0.13933793793887136,0.49019607843137253,0.23846153846153847
0,3,28.0,0,0,7.75,1,1,0,-0.009410678494843129,-0.7107439197427311,0.49019607843137253,0.11923076923076924
0,3,35.0,0,0,8.05,1,0,1,0.6890554150856333,-0.688624978511614,0.6274509803921569,0.12384615384615386
1,2,24.0,1,2,65.0,0,0,1,-0.40853416054082964,3.5102873651954587,0.4117647058823529,1.0
0,3,34.0,1,1,14.4,1,0,1,0.5892745445741366,-0.22044072245296756,0.6078431372549019,0.22153846153846155
0,3,26.0,1,0,16.1,0,0,1,-0.20897241951783638,-0.09510005547663695,0.45098039215686275,0.2476923076923077
1,2,4.0,2,1,39.0,0,0,1,-2.4041515707707624,1.593312458498639,0.0196078431372549,0.6
0,2,26.0,0,0,10.5,1,0,1,-0.20897241951783638,-0.5079869584574905,0.45098039215686275,0.16153846153846155
0,3,27.0,1,0,14.4542,1,0,0,-0.10919154900633976,-0.21644456707054574,0.47058823529411764,0.2223723076923077
1,1,42.0,1,0,52.5542,1,0,1,1.3875215086661097,2.592660969281333,0.7647058823529411,0.8085261538461539
1,3,20.0,1,1,15.7417,1,0,0,-0.8076576425868162,-0.12151744428700133,0.3333333333333333,0.24218
0,3,21.0,0,0,7.8542,1,0,1,-0.7078767720753195,-0.7030612741551232,0.35294117647058826,0.12083384615384615
0,3,21.0,0,0,16.1,1,0,1,-0.7078767720753195,-0.09510005547663695,0.35294117647058826,0.2476923076923077
0,3,26.0,0,0,7.8958,1,0,1,-0.20897241951783638,-0.6999941143044082,0.45098039215686275,0.12147384615384615
0,3,28.0,0,0,7.7333,1,1,0,-0.009410678494843129,-0.7119752074712633,0.49019607843137253,0.11897384615384615
0,3,51.0,0,0,7.0542,1,0,1,2.2855493432695795,-0.7620451174381022,0.9411764705882353,0.10852615384615384
1,1,32.0,0,0,30.5,1,0,0,0.3897128035511434,0.9666091236169863,0.5686274509803921,0.46923076923076923
0,1,28.0,0,0,0.0,1,0,1,-0.009410678494843129,-1.282149901546591,0.49019607843137253,0.0
0,3,9.0,3,2,27.9,0,0,1,-1.9052472182132791,0.7749116329473041,0.11764705882352941,0.4292307692307692
1,2,28.0,0,0,13.0,0,0,1,-0.009410678494843129,-0.32366244819818096,0.49019607843137253,0.2
0,3,32.0,0,0,7.925,1,0,1,0.3897128035511434,-0.6978412040245794,0.5686274509803921,0.12192307692307693
0,2,31.0,1,1,26.25,1,0,1,0.28993193303964676,0.6532574561761599,0.5490196078431373,0.40384615384615385
0,3,41.0,0,5,39.6875,0,0,1,1.287740638154613,1.644001698819949,0.7450980392156863,0.6105769230769231
0,3,28.0,1,0,16.1,1,0,1,-0.009410678494843129,-0.09510005547663695,0.49019607843137253,0.2476923076923077
0,3,20.0,0,0,7.8542,1,0,1,-0.8076576425868162,-0.7030612741551232,0.3333333333333333,0.12083384615384615
1,3,28.0,0,0,56.4958,1,0,1,-0.009410678494843129,2.883274365136571,0.49019607843137253,0.8691661538461539
0,3,19.0,0,0,7.8958,1,0,1,-0.9074385130983128,-0.6999941143044082,0.3137254901960784,0.12147384615384615
0,3,28.0,0,0,7.55,1,0,1,-0.009410678494843129,-0.7254898805634759,0.49019607843137253,0.11615384615384615
1,3,23.0,0,0,7.55,0,0,1,-0.5083150310523262,-0.7254898805634759,0.39215686274509803,0.11615384615384615
0,3,28.0,0,0,7.8958,1,0,1,-0.009410678494843129,-0.6999941143044082,0.49019607843137253,0.12147384615384615
1,2,18.0,0,1,23.0,0,0,1,-1.0072193836098093,0.41363559283905743,0.29411764705882354,0.35384615384615387
0,3,21.0,0,0,8.4333,1,0,1,-0.7078767720753195,-0.6603643445986567,0.35294117647058826,0.1297430769230769
1,3,28.0,0,0,7.8292,0,1,0,-0.009410678494843129,-0.7049045192577162,0.49019607843137253,0.12044923076923077
0,3,18.0,0,0,6.75,0,1,0,-1.0072193836098093,-0.784473723846455,0.29411764705882354,0.10384615384615385
0,3,28.0,0,0,7.8958,1,0,1,-0.009410678494843129,-0.6999941143044082,0.49019607843137253,0.12147384615384615
0,3,32.0,1,1,15.5,0,1,0,0.3897128035511434,-0.13933793793887136,0.5686274509803921,0.23846153846153847
0,2,23.0,0,0,13.0,1,0,1,-0.5083150310523262,-0.32366244819818096,0.39215686274509803,0.2
0,3,40.0,0,0,7.225,1,0,0,1.1879597676431164,-0.7494520668971862,0.7254901960784313,0.11115384615384614
0,1,47.0,0,0,25.5875,1,0,1,1.886425861223593,0.6044114609574428,0.8627450980392157,0.39365384615384613
0,3,36.0,0,0,7.4958,1,0,1,0.7888362855971299,-0.7294860359458978,0.6470588235294118,0.11532
1,3,20.0,1,0,7.925,1,0,1,-0.8076576425868162,-0.6978412040245794,0.3333333333333333,0.12192307692307693
0,2,25.0,0,0,13.0,1,0,1,-0.308753290029333,-0.32366244819818096,0.43137254901960786,0.2
0,3,28.0,0,0,7.775,1,0,1,-0.009410678494843129,-0.7089006746401381,0.49019607843137253,0.11961538461538462
0,3,43.0,0,0,8.05,1,0,1,1.4873023791776063,-0.688624978511614,0.7843137254901961,0.12384615384615386
1,1,28.0,1,0,52.0,0,0,1,-0.009410678494843129,2.551799911847049,0.49019607843137253,0.8
1,2,40.0,1,1,39.0,0,0,1,1.1879597676431164,1.593312458498639,0.7254901960784313,0.6
0,1,31.0,1,0,52.0,1,0,1,0.28993193303964676,2.551799911847049,0.5490196078431373,0.8
1,2,31.0,0,0,13.0,1,0,1,0.28993193303964676,-0.32366244819818096,0.5490196078431373,0.2
0,2,28.0,0,0,0.0,1,0,1,-0.009410678494843129,-1.282149901546591,0.49019607843137253,0.0
0,3,18.0,0,0,7.775,1,0,1,-1.0072193836098093,-0.7089006746401381,0.29411764705882354,0.11961538461538462
0,3,24.5,0,0,8.05,1,0,1,-0.3586437252850813,-0.688624978511614,0.4215686274509804,0.12384615384615386
1,3,18.0,0,0,9.8417,0,0,1,-1.0072193836098093,-0.556523288498972,0.29411764705882354,0.1514107692307692
0,3,43.0,1,6,46.9,0,0,1,1.4873023791776063,2.175777910918057,0.7843137254901961,0.7215384615384615
0,3,28.0,0,0,8.1375,0,1,0,-0.009410678494843129,-0.6821736206525382,0.49019607843137253,0.12519230769230769
0,3,20.0,0,0,9.225,1,0,1,-0.8076576425868162,-0.6019924586897385,0.3333333333333333,0.14192307692307693
0,3,14.0,5,2,46.9,1,0,1,-1.406342865655796,2.175777910918057,0.21568627450980393,0.7215384615384615
0,2,25.0,1,2,41.5792,1,0,0,-0.308753290029333,1.7834763692429634,0.43137254901960786,0.63968
0,3,14.0,4,1,39.6875,1,0,1,-1.406342865655796,1.644001698819949,0.21568627450980393,0.6105769230769231
0,3,19.0,0,0,10.1708,1,0,1,-0.9074385130983128,-0.5322588099684364,0.3137254901960784,0.15647384615384616
0,3,18.0,0,0,7.7958,1,0,1,-1.0072193836098093,-0.7073670947147807,0.29411764705882354,0.11993538461538461
1,1,31.0,1,0,57.0,1,0,1,0.28993193303964676,2.920448932365668,0.5490196078431373,0.8769230769230769
1,3,4.0,0,1,13.4167,0,0,0,-2.4041515707707624,-0.2929392388281592,0.0196078431372549,0.20641076923076923
1,3,28.0,0,0,56.4958,1,0,1,-0.009410678494843129,2.883274365136571,0.49019607843137253,0.8691661538461539
0,3,25.0,0,0,7.225,1,0,0,-0.308753290029333,-0.7494520668971862,0.43137254901960786,0.11115384615384614
0,2,52.0,0,0,13.5,1,0,1,2.385330213781076,-0.286797546146319,0.9607843137254902,0.2076923076923077
0,3,44.0,0,0,8.05,1,0,1,1.587083249689103,-0.688624978511614,0.803921568627451,0.12384615384615386
1,3,28.0,0,0,7.7333,0,1,0,-0.009410678494843129,-0.7119752074712633,0.49019607843137253,0.11897384615384615
0,3,42.0,0,0,7.65,1,0,1,1.3875215086661097,-0.7181169001531035,0.7647058823529411,0.1176923076923077
1,1,35.0,0,0,26.2875,1,0,1,0.6890554150856333,0.6560223238300497,0.6274509803921569,0.40442307692307694
0,3,18.0,0,1,14.4542,0,0,0,-1.0072193836098093,-0.21644456707054574,0.29411764705882354,0.2223723076923077
0,3,25.0,0,0,7.7417,1,1,0,-0.308753290029333,-0.711355877116792,0.43137254901960786,0.11910307692307692
0,3,26.0,1,0,7.8542,1,0,1,-0.20897241951783638,-0.7030612741551232,0.45098039215686275,0.12083384615384615
0,2,39.0,0,0,26.0,1,0,1,1.0881788971316197,0.634825005150229,0.7058823529411765,0.4
1,2,45.0,0,0,13.5,0,0,1,1.6868641202005996,-0.286797546146319,0.8235294117647058,0.2076923076923077
1,1,42.0,0,0,26.2875,1,0,1,1.3875215086661097,0.6560223238300497,0.7647058823529411,0.40442307692307694
1,3,28.0,1,1,15.2458,1,0,0,-0.009410678494843129,-0.15808005414203805,0.49019607843137253,0.23455076923076923
1,1,24.0,0,0,49.5042,0,0,0,-0.40853416054082964,2.367785066764975,0.4117647058823529,0.7616030769230768
0,1,28.0,0,0,26.55,1,0,1,-0.009410678494843129,0.6753763974072772,0.49019607843137253,0.4084615384615385
1,1,48.0,1,0,52.0,1,0,1,1.9862067317350895,2.551799911847049,0.8823529411764706,0.8
0,3,29.0,0,0,9.4833,1,0,1,0.0903701920166535,-0.5829480502897466,0.5098039215686274,0.14589692307692306
0,2,52.0,0,0,13.0,1,0,1,2.385330213781076,-0.32366244819818096,0.9607843137254902,0.2
0,3,19.0,0,0,7.65,1,0,1,-0.9074385130983128,-0.7181169001531035,0.3137254901960784,0.1176923076923077
1,2,27.0,0,0,10.5,0,0,1,-0.10919154900633976,-0.5079869584574905,0.47058823529411764,0.16153846153846155
0,3,28.0,0,0,15.5,1,1,0,-0.009410678494843129,-0.13933793793887136,0.49019607843137253,0.23846153846153847
0,3,33.0,0,0,7.775,1,0,1,0.48949367406264,-0.7089006746401381,0.5882352941176471,0.11961538461538462
1,2,6.0,0,1,33.0,0,0,1,-2.204589829747769,1.1509336338762959,0.058823529411764705,0.5076923076923077
0,3,17.0,1,0,7.0542,1,0,1,-1.107000254121306,-0.7620451174381022,0.27450980392156865,0.10852615384615384
0,2,34.0,0,0,13.0,1,0,1,0.5892745445741366,-0.32366244819818096,0.6078431372549019,0.2
0,2,50.0,0,0,13.0,1,0,1,2.185768472758083,-0.32366244819818096,0.9215686274509803,0.2
1,1,27.0,1,0,53.1,1,0,1,-0.10919154900633976,2.6329026963611453,0.47058823529411764,0.816923076923077
0,3,20.0,0,0,8.6625,1,0,1,-0.8076576425868162,-0.6434654734980831,0.3333333333333333,0.13326923076923075
1,2,30.0,3,0,21.0,0,0,1,0.19015106252815014,0.26617598463160974,0.5294117647058824,0.3230769230769231
1,3,28.0,0,0,7.7375,0,1,0,-0.009410678494843129,-0.7116655422940277,0.49019607843137253,0.11903846153846154
0,2,25.0,1,0,26.0,1,0,1,-0.308753290029333,0.634825005150229,0.43137254901960786,0.4
0,3,25.0,1,0,7.925,0,0,1,-0.308753290029333,-0.6978412040245794,0.43137254901960786,0.12192307692307693
0,3,11.0,0,0,18.7875,1,0,0,-1.7056854771902858,0.10304879305212086,0.1568627450980392,0.2890384615384616
0,2,28.0,0,0,0.0,1,0,1,-0.009410678494843129,-1.282149901546591,0.49019607843137253,0.0
0,2,23.0,0,0,13.0,1,0,1,-0.5083150310523262,-0.32366244819818096,0.39215686274509803,0.2
0,2,23.0,0,0,13.0,1,0,1,-0.5083150310523262,-0.32366244819818096,0.39215686274509803,0.2
0,3,28.5,0,0,16.1,1,0,1,0.040479756760905185,-0.09510005547663695,0.5,0.2476923076923077
0,3,48.0,1,3,34.375,0,0,1,1.9862067317350895,1.2523121145189162,0.8823529411764706,0.5288461538461539
0,3,28.0,0,0,7.8958,1,0,1,-0.009410678494843129,-0.6999941143044082,0.49019607843137253,0.12147384615384615
0,3,28.0,0,0,7.8958,1,0,1,-0.009410678494843129,-0.6999941143044082,0.49019607843137253,0.12147384615384615
1,1,28.0,0,0,30.0,1,0,1,-0.009410678494843129,0.9297442215651244,0.49019607843137253,0.46153846153846156
0,3,24.0,1,0,16.1,1,0,1,-0.40853416054082964,-0.09510005547663695,0.4117647058823529,0.2476923076923077
1,3,31.0,0,0,7.925,1,0,1,0.28993193303964676,-0.6978412040245794,0.5490196078431373,0.12192307692307693
0,3,16.0,1,1,20.25,1,0,1,-1.2067811246328026,0.2108786315538169,0.2549019607843137,0.31153846153846154
1,2,30.0,0,0,13.0,0,0,1,0.19015106252815014,-0.32366244819818096,0.5294117647058824,0.2
0,1,19.0,1,0,53.1,1,0,1,-0.9074385130983128,2.6329026963611453,0.3137254901960784,0.816923076923077
0,3,31.0,0,0,7.75,1,1,0,0.28993193303964676,-0.7107439197427311,0.5490196078431373,0.11923076923076924
1,2,4.0,1,1,23.0,0,0,1,-2.4041515707707624,0.41363559283905743,0.0196078431372549,0.35384615384615387
1,3,6.0,0,1,12.475,1,0,1,-2.204589829747769,-0.362370595352636,0.058823529411764705,0.19192307692307692
0,3,33.0,0,0,9.5,1,0,1,0.48949367406264,-0.5817167625612144,0.5882352941176471,0.14615384615384616
0,3,23.0,0,0,7.8958,1,0,1,-0.5083150310523262,-0.6999941143044082,0.39215686274509803,0.12147384615384615
1,2,48.0,1,2,65.0,0,0,1,1.9862067317350895,3.5102873651954587,0.8823529411764706,1.0
0,3,28.0,0,0,7.7958,1,0,1,-0.009410678494843129,-0.7073670947147807,0.49019607843137253,0.11993538461538461
0,2,18.0,0,0,11.5,1,0,1,-1.0072193836098093,-0.4342571543537667,0.29411764705882354,0.17692307692307693
0,3,34.0,0,0,8.05,1,0,1,0.5892745445741366,-0.688624978511614,0.6078431372549019,0.12384615384615386
0,3,28.0,0,0,14.5,1,0,1,-0.009410678494843129,-0.2130677420425952,0.49019607843137253,0.2230769230769231
0,3,41.0,0,0,7.125,1,0,1,1.287740638154613,-0.7568250473075585,0.7450980392156863,0.10961538461538461
1,3,20.0,0,0,7.2292,1,0,0,-0.8076576425868162,-0.7491424017199506,0.3333333333333333,0.11121846153846153
0,3,16.0,0,0,7.775,1,0,1,-1.2067811246328026,-0.7089006746401381,0.2549019607843137,0.11961538461538462
0,1,28.0,0,0,39.6,1,0,0,-0.009410678494843129,1.6375503409608734,0.49019607843137253,0.6092307692307692
0,3,30.5,0,0,7.75,0,1,0,0.24004149778389844,-0.7107439197427311,0.5392156862745098,0.11923076923076924
0,3,28.0,1,0,24.15,1,1,0,-0.009410678494843129,0.49842486755833976,0.49019607843137253,0.37153846153846154
0,3,32.0,0,0,8.3625,1,0,1,0.3897128035511434,-0.6655844147292003,0.5686274509803921,0.12865384615384617
0,3,24.0,0,0,9.5,1,0,1,-0.40853416054082964,-0.5817167625612144,0.4117647058823529,0.14615384615384616
0,3,48.0,0,0,7.8542,1,0,1,1.9862067317350895,-0.7030612741551232,0.8823529411764706,0.12083384615384615
0,3,28.0,0,0,7.225,1,0,0,-0.009410678494843129,-0.7494520668971862,0.49019607843137253,0.11115384615384614
1,2,54.0,1,3,23.0,0,0,1,2.5848919548040694,0.41363559283905743,1.0,0.35384615384615387
0,3,18.0,0,0,7.75,1,0,1,-1.0072193836098093,-0.7107439197427311,0.29411764705882354,0.11923076923076924
0,3,28.0,0,0,7.75,1,1,0,-0.009410678494843129,-0.7107439197427311,0.49019607843137253,0.11923076923076924
1,3,5.0,0,0,12.475,0,0,1,-2.3043707002592657,-0.362370595352636,0.0392156862745098,0.19192307692307692
0,3,28.0,0,0,7.7375,1,1,0,-0.009410678494843129,-0.7116655422940277,0.49019607843137253,0.11903846153846154
1,3,13.0,0,0,7.2292,0,0,0,-1.5061237361672926,-0.7491424017199506,0.19607843137254902,0.11121846153846153
1,1,17.0,1,0,57.0,0,0,1,-1.107000254121306,2.920448932365668,0.27450980392156865,0.8769230769230769
0,1,29.0,0,0,30.0,1,0,1,0.0903701920166535,0.9297442215651244,0.5098039215686274,0.46153846153846156
0,3,28.0,1,2,23.45,1,0,1,-0.009410678494843129,0.4468140046857331,0.49019607843137253,0.36076923076923073
0,3,25.0,0,0,7.05,1,0,1,-0.308753290029333,-0.7623547826153377,0.43137254901960786,0.10846153846153846
0,3,25.0,0,0,7.25,1,0,1,-0.308753290029333,-0.7476088217945931,0.43137254901960786,0.11153846153846154
1,3,18.0,0,0,7.4958,0,0,1,-1.0072193836098093,-0.7294860359458978,0.29411764705882354,0.11532
0,3,8.0,4,1,29.125,1,1,0,-2.005028088724776,0.865230642974366,0.09803921568627451,0.4480769230769231
0,3,28.0,0,0,7.75,1,1,0,-0.009410678494843129,-0.7107439197427311,0.49019607843137253,0.11923076923076924
0,2,16.0,0,0,26.0,1,0,1,-1.2067811246328026,0.634825005150229,0.2549019607843137,0.4
0,1,28.0,0,0,30.6958,1,0,0,-0.009410678494843129,0.9810454192604953,0.49019607843137253,0.4722430769230769
0,3,25.0,0,0,7.8958,1,0,1,-0.308753290029333,-0.6999941143044082,0.43137254901960786,0.12147384615384615
0,2,39.0,0,0,13.0,1,0,1,1.0881788971316197,-0.32366244819818096,0.7058823529411765,0.2
1,1,49.0,0,0,25.9292,0,0,1,2.085987602246586,0.6296049350196854,0.9019607843137255,0.39891076923076924
1,3,31.0,0,0,8.6833,0,0,1,0.28993193303964676,-0.6419318935727257,0.5490196078431373,0.13358923076923077
0,3,30.0,0,0,7.2292,1,0,0,0.19015106252815014,-0.7491424017199506,0.5294117647058824,0.11121846153846153
0,3,30.0,1,1,24.15,0,0,1,0.19015106252815014,0.49842486755833976,0.5294117647058824,0.37153846153846154
0,2,34.0,0,0,13.0,1,0,1,0.5892745445741366,-0.32366244819818096,0.6078431372549019,0.2
1,2,31.0,1,1,26.25,0,0,1,0.28993193303964676,0.6532574561761599,0.5490196078431373,0.40384615384615385
1,3,27.0,0,0,6.975,1,0,1,-0.10919154900633976,-0.7678845179231172,0.47058823529411764,0.1073076923076923
0,3,31.0,0,0,7.775,1,0,1,0.28993193303964676,-0.7089006746401381,0.5490196078431373,0.11961538461538462
0,1,39.0,0,0,0.0,1,0,1,1.0881788971316197,-1.282149901546591,0.7058823529411765,0.0
0,3,18.0,0,0,7.775,0,0,1,-1.0072193836098093,-0.7089006746401381,0.29411764705882354,0.11961538461538462
0,2,39.0,0,0,13.0,1,0,1,1.0881788971316197,-0.32366244819818096,0.7058823529411765,0.2
1,1,33.0,1,0,53.1,0,0,1,0.48949367406264,2.6329026963611453,0.5882352941176471,0.816923076923077
0,3,26.0,0,0,7.8875,1,0,1,-0.20897241951783638,-0.7006060716784692,0.45098039215686275,0.12134615384615385
0,3,39.0,0,0,24.15,1,0,1,1.0881788971316197,0.49842486755833976,0.7058823529411765,0.37153846153846154
0,2,35.0,0,0,10.5,1,0,1,0.6890554150856333,-0.5079869584574905,0.6274509803921569,0.16153846153846155
0,3,6.0,4,2,31.275,0,0,1,-2.204589829747769,1.0237497217973721,0.058823529411764705,0.48115384615384615
0,3,30.5,0,0,8.05,1,0,1,0.24004149778389844,-0.688624978511614,0.5392156862745098,0.12384615384615386
0,1,28.0,0,0,0.0,1,0,1,-0.009410678494843129,-1.282149901546591,0.49019607843137253,0.0
0,3,23.0,0,0,7.925,0,0,1,-0.5083150310523262,-0.6978412040245794,0.39215686274509803,0.12192307692307693
0,2,31.0,1,1,37.0042,1,0,0,0.28993193303964676,1.4461625154684268,0.5490196078431373,0.5692953846153845
0,3,43.0,0,0,6.45,1,0,1,1.4873023791776063,-0.8065926650775722,0.7843137254901961,0.09923076923076923
0,3,10.0,3,2,27.9,1,0,1,-1.8054663477017825,0.7749116329473041,0.13725490196078433,0.4292307692307692
1,3,27.0,0,0,8.6625,1,0,1,-0.10919154900633976,-0.6434654734980831,0.47058823529411764,0.13326923076923075
0,1,38.0,0,0,0.0,1,0,1,0.9883980266201232,-1.282149901546591,0.6862745098039216,0.0
1,3,27.0,0,1,12.475,0,0,1,-0.10919154900633976,-0.362370595352636,0.47058823529411764,0.19192307692307692
0,3,28.0,0,0,6.95,1,1,0,-0.009410678494843129,-0.7697277630257102,0.49019607843137253,0.10692307692307693
0,3,28.0,0,0,56.4958,1,0,1,-0.009410678494843129,2.883274365136571,0.49019607843137253,0.8691661538461539
1,3,28.0,0,0,7.75,1,1,0,-0.009410678494843129,-0.7107439197427311,0.49019607843137253,0.11923076923076924
1,3,15.0,1,0,14.4542,0,0,0,-1.3065619951442993,-0.21644456707054574,0.23529411764705882,0.2223723076923077
0,3,28.0,0,0,7.2292,1,0,0,-0.009410678494843129,-0.7491424017199506,0.49019607843137253,0.11121846153846153
0,3,23.0,0,0,7.8542,1,0,1,-0.5083150310523262,-0.7030612741551232,0.39215686274509803,0.12083384615384615
0,3,18.0,0,0,8.3,1,0,1,-1.0072193836098093,-0.670192527485683,0.29411764705882354,0.12769230769230772
0,3,21.0,0,0,8.6625,1,0,1,-0.7078767720753195,-0.6434654734980831,0.35294117647058826,0.13326923076923075
0,3,28.0,0,0,8.05,1,0,1,-0.009410678494843129,-0.688624978511614,0.49019607843137253,0.12384615384615386
1,3,32.0,0,0,56.4958,1,0,1,0.3897128035511434,2.883274365136571,0.5686274509803921,0.8691661538461539
1,1,28.0,0,0,29.7,1,0,0,-0.009410678494843129,0.9076252803340071,0.49019607843137253,0.45692307692307693
0,3,20.0,0,0,7.925,1,0,1,-0.8076576425868162,-0.6978412040245794,0.3333333333333333,0.12192307692307693
0,2,16.0,0,0,10.5,1,0,1,-1.2067811246328026,-0.5079869584574905,0.2549019607843137,0.16153846153846155
1,1,30.0,0,0,31.0,0,0,0,0.19015106252815014,1.0034740256688481,0.5294117647058824,0.47692307692307695
0,3,34.5,0,0,6.4375,1,0,0,0.639164979829885,-0.8075142876288687,0.6176470588235294,0.09903846153846153
0,3,17.0,0,0,8.6625,1,0,1,-1.107000254121306,-0.6434654734980831,0.27450980392156865,0.13326923076923075
0,3,42.0,0,0,7.55,1,0,1,1.3875215086661097,-0.7254898805634759,0.7647058823529411,0.11615384615384615
0,3,35.0,0,0,7.8958,1,0,0,0.6890554150856333,-0.6999941143044082,0.6274509803921569,0.12147384615384615
0,2,28.0,0,1,33.0,1,0,1,-0.009410678494843129,1.1509336338762959,0.49019607843137253,0.5076923076923077
0,3,4.0,4,2,31.275,1,0,1,-2.4041515707707624,1.0237497217973721,0.0196078431372549,0.48115384615384615
0,3,9.0,1,1,15.2458,0,0,0,-1.9052472182132791,-0.15808005414203805,0.11764705882352941,0.23455076923076923
1,1,16.0,0,1,39.4,0,0,1,-1.2067811246328026,1.6228043801401284,0.2549019607843137,0.6061538461538462
0,2,44.0,1,0,26.0,0,0,1,1.587083249689103,0.634825005150229,0.803921568627451,0.4
1,3,18.0,0,1,9.35,0,0,1,-1.0072193836098093,-0.592776233176773,0.29411764705882354,0.14384615384615385
1,1,51.0,0,0,26.55,1,0,1,2.2855493432695795,0.6753763974072772,0.9411764705882353,0.4084615384615385
1,3,24.0,0,3,19.2583,0,0,0,-0.40853416054082964,0.13776078482415383,0.4117647058823529,0.29628153846153843
0,3,28.0,0,0,7.2292,1,0,0,-0.009410678494843129,-0.7491424017199506,0.49019607843137253,0.11121846153846153
0,3,41.0,2,0,14.1083,1,0,1,1.287740638154613,-0.24194770631002385,0.7450980392156863,0.21705076923076924
0,2,21.0,1,0,11.5,1,0,1,-0.7078767720753195,-0.4342571543537667,0.35294117647058826,0.17692307692307693
1,1,48.0,0,0,25.9292,0,0,1,1.9862067317350895,0.6296049350196854,0.8823529411764706,0.39891076923076924
0,2,24.0,0,0,13.0,1,0,1,-0.40853416054082964,-0.32366244819818096,0.4117647058823529,0.2
1,2,42.0,0,0,13.0,0,0,1,1.3875215086661097,-0.32366244819818096,0.7647058823529411,0.2
1,2,27.0,1,0,13.8583,0,0,0,-0.10919154900633976,-0.2603801573359548,0.47058823529411764,0.21320461538461538
0,1,31.0,0,0,50.4958,1,0,1,0.28993193303964676,2.440895540514228,0.5490196078431373,0.7768584615384616
0,3,28.0,0,0,9.5,1,0,1,-0.009410678494843129,-0.5817167625612144,0.49019607843137253,0.14615384615384616
1,3,4.0,1,1,11.1333,1,0,1,-2.4041515707707624,-0.46129387351860224,0.0196078431372549,0.17128153846153846
0,3,26.0,0,0,7.8958,1,0,1,-0.20897241951783638,-0.6999941143044082,0.45098039215686275,0.12147384615384615
1,1,47.0,1,1,52.5542,0,0,1,1.886425861223593,2.592660969281333,0.8627450980392157,0.8085261538461539
0,1,33.0,0,0,5.0,1,0,1,0.48949367406264,-0.9135008810279717,0.5882352941176471,0.07692307692307693
0,3,47.0,0,0,9.0,1,0,1,1.886425861223593,-0.6185816646130763,0.8627450980392157,0.13846153846153847
1,2,28.0,1,0,24.0,0,0,0,-0.009410678494843129,0.4873653969427813,0.49019607843137253,0.36923076923076925
1,3,15.0,0,0,7.225,0,0,0,-1.3065619951442993,-0.7494520668971862,0.23529411764705882,0.11115384615384614
0,3,20.0,0,0,9.8458,1,0,1,-0.8076576425868162,-0.5562209963021467,0.3333333333333333,0.15147384615384615
0,3,19.0,0,0,7.8958,1,0,1,-0.9074385130983128,-0.6999941143044082,0.3137254901960784,0.12147384615384615
0,3,28.0,0,0,7.8958,1,0,1,-0.009410678494843129,-0.6999941143044082,0.49019607843137253,0.12147384615384615
1,2,25.0,0,1,26.0,0,0,1,-0.308753290029333,0.634825005150229,0.43137254901960786,0.4
0,3,33.0,0,0,7.8958,1,0,1,0.48949367406264,-0.6999941143044082,0.5882352941176471,0.12147384615384615
0,3,22.0,0,0,10.5167,0,0,1,-0.6080959015638229,-0.5067556707289583,0.37254901960784315,0.16179538461538462
0,2,28.0,0,0,10.5,1,0,1,-0.009410678494843129,-0.5079869584574905,0.49019607843137253,0.16153846153846155
0,3,25.0,0,0,7.05,1,0,1,-0.308753290029333,-0.7623547826153377,0.43137254901960786,0.10846153846153846
0,3,39.0,0,5,29.125,0,1,0,1.0881788971316197,0.865230642974366,0.7058823529411765,0.4480769230769231
0,2,27.0,0,0,13.0,1,0,1,-0.10919154900633976,-0.32366244819818096,0.47058823529411764,0.2
1,1,19.0,0,0,30.0,0,0,1,-0.9074385130983128,0.9297442215651244,0.3137254901960784,0.46153846153846156
0,3,28.0,1,2,23.45,0,0,1,-0.009410678494843129,0.4468140046857331,0.49019607843137253,0.36076923076923073
1,1,26.0,0,0,30.0,1,0,0,-0.20897241951783638,0.9297442215651244,0.45098039215686275,0.46153846153846156
0,3,32.0,0,0,7.75,1,1,0,0.3897128035511434,-0.7107439197427311,0.5686274509803921,0.11923076923076924
